date,nav_per_unit,short_name
26-09-14,10000.0,SSISCA
30-09-14,10403.38,SSISCA
01-10-14,10498.19,SSISCA
08-10-14,10614.92,SSISCA
15-10-14,10375.9,SSISCA
22-10-14,10305.48,SSISCA
29-10-14,10130.62,SSISCA
31-10-14,10300.58,SSISCA
05-11-14,10273.22,SSISCA
12-11-14,10303.4,SSISCA
19-11-14,10105.72,SSISCA
26-11-14,9922.16,SSISCA
03-12-14,9894.44,SSISCA
10-12-14,9878.61,SSISCA
17-12-14,9475.59,SSISCA
24-12-14,9713.25,SSISCA
31-12-14,9816.09,SSISCA
07-01-15,9853.01,SSISCA
14-01-15,9941.68,SSISCA
21-01-15,9915.57,SSISCA
28-01-15,9890.94,SSISCA
04-02-15,9812.85,SSISCA
11-02-15,9931.98,SSISCA
25-02-15,9978.72,SSISCA
04-03-15,10024.65,SSISCA
11-03-15,10018.67,SSISCA
18-03-15,9971.87,SSISCA
25-03-15,9953.61,SSISCA
31-03-15,9912.46,SSISCA
01-04-15,9829.21,SSISCA
08-04-15,9914.21,SSISCA
15-04-15,9979.15,SSISCA
22-04-15,10025.89,SSISCA
06-05-15,9839.85,SSISCA
13-05-15,9811.82,SSISCA
20-05-15,9871.32,SSISCA
27-05-15,9887.53,SSISCA
03-06-15,9867.81,SSISCA
10-06-15,9992.17,SSISCA
17-06-15,9994.61,SSISCA
24-06-15,10081.43,SSISCA
30-06-15,10182.94,SSISCA
01-07-15,10206.34,SSISCA
08-07-15,10348.39,SSISCA
15-07-15,10352.43,SSISCA
22-07-15,10594.45,SSISCA
29-07-15,10697.12,SSISCA
31-07-15,10607.84,SSISCA
05-08-15,10602.96,SSISCA
12-08-15,10694.98,SSISCA
19-08-15,10583.89,SSISCA
26-08-15,10335.93,SSISCA
09-09-15,10372.51,SSISCA
16-09-15,10267.49,SSISCA
23-09-15,10533.76,SSISCA
30-09-15,10562.18,SSISCA
07-10-15,10800.69,SSISCA
14-10-15,11036.21,SSISCA
21-10-15,11123.56,SSISCA
28-10-15,11357.4,SSISCA
04-11-15,11443.51,SSISCA
11-11-15,11371.96,SSISCA
18-11-15,11655.21,SSISCA
25-11-15,11574.42,SSISCA
30-11-15,11333.42,SSISCA
02-12-15,11382.27,SSISCA
09-12-15,11356.58,SSISCA
16-12-15,11564.52,SSISCA
23-12-15,11372.4,SSISCA
30-12-15,11481.83,SSISCA
31-12-15,11557.31,SSISCA
06-01-16,11453.78,SSISCA
13-01-16,11193.87,SSISCA
20-01-16,10757.23,SSISCA
27-01-16,11018.97,SSISCA
03-02-16,11018.25,SSISCA
17-02-16,11308.15,SSISCA
24-02-16,11547.37,SSISCA
29-02-16,11536.24,SSISCA
02-03-16,11788.34,SSISCA
09-03-16,11818.87,SSISCA
16-03-16,12111.75,SSISCA
23-03-16,12114.76,SSISCA
30-03-16,12184.91,SSISCA
31-03-16,12018.42,SSISCA
06-04-16,12027.94,SSISCA
13-04-16,12187.42,SSISCA
20-04-16,11944.25,SSISCA
27-04-16,12161.08,SSISCA
04-05-16,12422.62,SSISCA
11-05-16,12484.32,SSISCA
18-05-16,12518.24,SSISCA
25-05-16,12518.0,SSISCA
31-05-16,12594.62,SSISCA
01-06-16,12620.18,SSISCA
08-06-16,12800.92,SSISCA
15-06-16,12930.54,SSISCA
22-06-16,13340.49,SSISCA
29-06-16,13262.11,SSISCA
30-06-16,13276.24,SSISCA
06-07-16,13657.38,SSISCA
13-07-16,13772.58,SSISCA
20-07-16,13479.27,SSISCA
27-07-16,13492.85,SSISCA
03-08-16,13039.46,SSISCA
10-08-16,13506.62,SSISCA
17-08-16,14209.27,SSISCA
24-08-16,14158.34,SSISCA
31-08-16,14486.03,SSISCA
07-09-16,14481.66,SSISCA
14-09-16,14412.25,SSISCA
21-09-16,14635.01,SSISCA
28-09-16,14974.76,SSISCA
30-09-16,14889.47,SSISCA
05-10-16,14741.32,SSISCA
12-10-16,14380.23,SSISCA
19-10-16,14529.12,SSISCA
26-10-16,14144.94,SSISCA
31-10-16,14356.93,SSISCA
02-11-16,14195.25,SSISCA
09-11-16,14230.37,SSISCA
16-11-16,14329.94,SSISCA
23-11-16,14188.82,SSISCA
30-11-16,14151.26,SSISCA
07-12-16,13911.83,SSISCA
14-12-16,13982.87,SSISCA
22-12-16,14187.53,SSISCA
28-12-16,14234.09,SSISCA
31-12-16,14338.97,SSISCA
04-01-17,14412.31,SSISCA
11-01-17,14527.86,SSISCA
18-01-17,14240.04,SSISCA
25-01-17,14547.21,SSISCA
31-01-17,14541.96,SSISCA
01-02-17,14541.06,SSISCA
08-02-17,14845.43,SSISCA
15-02-17,15055.73,SSISCA
22-02-17,14862.28,SSISCA
28-02-17,14740.81,SSISCA
01-03-17,14757.08,SSISCA
08-03-17,15000.05,SSISCA
15-03-17,14980.59,SSISCA
22-03-17,15103.62,SSISCA
29-03-17,15371.97,SSISCA
31-03-17,15565.07,SSISCA
05-04-17,15577.58,SSISCA
12-04-17,15555.02,SSISCA
19-04-17,15297.63,SSISCA
26-04-17,15170.07,SSISCA
30-04-17,15379.82,SSISCA
03-05-17,15474.55,SSISCA
10-05-17,15726.55,SSISCA
17-05-17,15890.01,SSISCA
24-05-17,16318.28,SSISCA
31-05-17,16517.97,SSISCA
07-06-17,16946.34,SSISCA
14-06-17,16870.0,SSISCA
21-06-17,17451.13,SSISCA
28-06-17,17417.66,SSISCA
30-06-17,17500.46,SSISCA
05-07-17,17556.75,SSISCA
12-07-17,17433.57,SSISCA
19-07-17,16921.49,SSISCA
26-07-17,17117.66,SSISCA
31-07-17,17292.58,SSISCA
10-08-17,17091.74,SSISCA
17-08-17,17410.94,SSISCA
24-08-17,17217.47,SSISCA
30-08-17,17514.23,SSISCA
31-08-17,17579.39,SSISCA
06-09-17,17604.19,SSISCA
13-09-17,17680.87,SSISCA
20-09-17,17763.26,SSISCA
27-09-17,17727.4,SSISCA
30-09-17,17810.51,SSISCA
05-10-17,17843.04,SSISCA
12-10-17,17951.3,SSISCA
19-10-17,17917.62,SSISCA
26-10-17,17623.87,SSISCA
31-10-17,17525.55,SSISCA
01-11-17,17392.17,SSISCA
08-11-17,17697.07,SSISCA
15-11-17,18087.02,SSISCA
22-11-17,18392.91,SSISCA
29-11-17,18779.97,SSISCA
30-11-17,18963.66,SSISCA
06-12-17,19077.49,SSISCA
13-12-17,18436.85,SSISCA
20-12-17,19288.14,SSISCA
27-12-17,19551.75,SSISCA
31-12-17,19818.75,SSISCA
03-01-18,20191.49,SSISCA
10-01-18,20897.45,SSISCA
17-01-18,20737.88,SSISCA
24-01-18,21760.64,SSISCA
31-01-18,21885.35,SSISCA
07-02-18,20703.68,SSISCA
09-02-18,20412.59,SSISCA
21-02-18,21416.22,SSISCA
28-02-18,22198.66,SSISCA
07-03-18,21851.65,SSISCA
14-03-18,22040.55,SSISCA
21-03-18,22419.05,SSISCA
28-03-18,21870.09,SSISCA
31-03-18,22091.93,SSISCA
04-04-18,22184.49,SSISCA
11-04-18,21823.82,SSISCA
18-04-18,21289.72,SSISCA
25-04-18,20093.61,SSISCA
30-04-18,19706.88,SSISCA
02-05-18,19465.11,SSISCA
09-05-18,20102.75,SSISCA
16-05-18,19964.08,SSISCA
23-05-18,19189.88,SSISCA
30-05-18,18438.57,SSISCA
31-05-18,19003.24,SSISCA
06-06-18,20392.44,SSISCA
13-06-18,20175.04,SSISCA
20-06-18,19101.99,SSISCA
27-06-18,18899.76,SSISCA
30-06-18,18334.83,SSISCA
04-07-18,17263.81,SSISCA
09-07-18,17022.78,SSISCA
11-07-18,16517.1,SSISCA
16-07-18,17042.02,SSISCA
18-07-18,17737.97,SSISCA
23-07-18,17672.75,SSISCA
25-07-18,17337.44,SSISCA
30-07-18,17982.74,SSISCA
31-07-18,18070.24,SSISCA
01-08-18,17974.78,SSISCA
06-08-18,17853.72,SSISCA
08-08-18,18003.42,SSISCA
13-08-18,18418.9,SSISCA
15-08-18,18187.43,SSISCA
20-08-18,18296.68,SSISCA
22-08-18,18508.18,SSISCA
27-08-18,18726.37,SSISCA
29-08-18,18784.68,SSISCA
31-08-18,18827.97,SSISCA
03-09-18,18826.06,SSISCA
05-09-18,18390.81,SSISCA
10-09-18,18566.73,SSISCA
12-09-18,18768.02,SSISCA
17-09-18,18826.48,SSISCA
19-09-18,19061.09,SSISCA
24-09-18,19487.97,SSISCA
26-09-18,19498.3,SSISCA
30-09-18,19637.89,SSISCA
01-10-18,19543.35,SSISCA
03-10-18,19443.14,SSISCA
08-10-18,19476.46,SSISCA
10-10-18,19422.19,SSISCA
15-10-18,18699.53,SSISCA
17-10-18,18972.52,SSISCA
22-10-18,18583.49,SSISCA
24-10-18,18013.37,SSISCA
29-10-18,17538.71,SSISCA
31-10-18,18048.39,SSISCA
05-11-18,18166.37,SSISCA
07-11-18,18010.23,SSISCA
12-11-18,17773.38,SSISCA
14-11-18,17560.58,SSISCA
19-11-18,17777.75,SSISCA
21-11-18,17950.9,SSISCA
26-11-18,17696.87,SSISCA
28-11-18,17809.83,SSISCA
30-11-18,17703.32,SSISCA
03-12-18,18158.17,SSISCA
05-12-18,18139.68,SSISCA
10-12-18,17953.06,SSISCA
12-12-18,18054.19,SSISCA
17-12-18,17659.38,SSISCA
18-12-18,17659.38,SSISCA
19-12-18,17324.83,SSISCA
25-12-18,17344.95,SSISCA
27-12-18,17138.77,SSISCA
02-01-19,17427.63,SSISCA
03-01-19,17262.04,SSISCA
04-01-19,16896.37,SSISCA
07-01-19,16940.54,SSISCA
08-01-19,17012.85,SSISCA
09-01-19,16963.16,SSISCA
10-01-19,17176.41,SSISCA
11-01-19,17159.62,SSISCA
14-01-19,17193.84,SSISCA
15-01-19,17162.41,SSISCA
16-01-19,17284.4,SSISCA
17-01-19,17188.01,SSISCA
18-01-19,17076.28,SSISCA
21-01-19,17105.6,SSISCA
22-01-19,17311.0,SSISCA
23-01-19,17215.94,SSISCA
24-01-19,17225.95,SSISCA
25-01-19,17206.16,SSISCA
28-01-19,17162.19,SSISCA
29-01-19,17233.88,SSISCA
30-01-19,17321.85,SSISCA
31-01-19,17271.85,SSISCA
01-02-19,17253.26,SSISCA
11-02-19,17257.92,SSISCA
12-02-19,17587.87,SSISCA
13-02-19,17673.7,SSISCA
14-02-19,17853.89,SSISCA
15-02-19,17852.19,SSISCA
18-02-19,17907.56,SSISCA
19-02-19,18076.6,SSISCA
20-02-19,18042.07,SSISCA
21-02-19,18115.62,SSISCA
22-02-19,18167.51,SSISCA
25-02-19,18212.04,SSISCA
26-02-19,18370.07,SSISCA
27-02-19,18363.31,SSISCA
28-02-19,18401.06,SSISCA
01-03-19,18162.31,SSISCA
04-03-19,18383.33,SSISCA
05-03-19,18587.42,SSISCA
06-03-19,18452.41,SSISCA
07-03-19,18499.48,SSISCA
08-03-19,18383.48,SSISCA
11-03-19,18367.11,SSISCA
12-03-19,18391.04,SSISCA
13-03-19,18573.0,SSISCA
14-03-19,18659.94,SSISCA
15-03-19,18702.81,SSISCA
18-03-19,18522.26,SSISCA
19-03-19,18610.27,SSISCA
20-03-19,18552.04,SSISCA
21-03-19,18555.34,SSISCA
22-03-19,18374.02,SSISCA
25-03-19,18381.95,SSISCA
26-03-19,17984.23,SSISCA
27-03-19,18009.59,SSISCA
28-03-19,18185.69,SSISCA
29-03-19,18313.68,SSISCA
01-04-19,18282.21,SSISCA
02-04-19,18243.74,SSISCA
03-04-19,18254.73,SSISCA
04-04-19,18299.57,SSISCA
05-04-19,18373.2,SSISCA
08-04-19,18415.59,SSISCA
09-04-19,18490.65,SSISCA
10-04-19,18274.75,SSISCA
11-04-19,18082.87,SSISCA
12-04-19,18091.98,SSISCA
16-04-19,18198.42,SSISCA
17-04-19,18045.19,SSISCA
18-04-19,17987.49,SSISCA
19-04-19,17862.02,SSISCA
22-04-19,17938.61,SSISCA
23-04-19,17817.58,SSISCA
24-04-19,17841.33,SSISCA
25-04-19,18079.21,SSISCA
26-04-19,18042.91,SSISCA
02-05-19,18186.49,SSISCA
03-05-19,18214.81,SSISCA
06-05-19,18174.48,SSISCA
07-05-19,17874.57,SSISCA
08-05-19,17855.1,SSISCA
09-05-19,17739.43,SSISCA
10-05-19,17654.08,SSISCA
13-05-19,17708.91,SSISCA
14-05-19,17737.35,SSISCA
15-05-19,17791.68,SSISCA
16-05-19,17905.04,SSISCA
17-05-19,17867.84,SSISCA
20-05-19,17830.13,SSISCA
21-05-19,18032.55,SSISCA
22-05-19,18051.58,SSISCA
23-05-19,18037.93,SSISCA
24-05-19,18126.71,SSISCA
27-05-19,17977.61,SSISCA
28-05-19,17935.16,SSISCA
29-05-19,17924.05,SSISCA
30-05-19,17826.95,SSISCA
31-05-19,17829.61,SSISCA
03-06-19,17645.17,SSISCA
04-06-19,17344.46,SSISCA
05-06-19,17342.64,SSISCA
06-06-19,17375.75,SSISCA
07-06-19,17310.03,SSISCA
10-06-19,17592.31,SSISCA
11-06-19,17609.73,SSISCA
12-06-19,17631.76,SSISCA
13-06-19,17558.66,SSISCA
14-06-19,17505.28,SSISCA
17-06-19,17467.45,SSISCA
18-06-19,17315.7,SSISCA
19-06-19,17348.67,SSISCA
20-06-19,17495.19,SSISCA
21-06-19,17686.27,SSISCA
24-06-19,17669.99,SSISCA
25-06-19,17603.06,SSISCA
26-06-19,17608.84,SSISCA
27-06-19,17660.25,SSISCA
28-06-19,17467.87,SSISCA
01-07-19,17795.28,SSISCA
02-07-19,17743.75,SSISCA
03-07-19,17737.52,SSISCA
04-07-19,17702.68,SSISCA
05-07-19,17853.67,SSISCA
08-07-19,17816.73,SSISCA
09-07-19,17655.28,SSISCA
10-07-19,17744.38,SSISCA
11-07-19,17777.99,SSISCA
12-07-19,17870.31,SSISCA
15-07-19,17925.6,SSISCA
16-07-19,18023.97,SSISCA
17-07-19,18114.3,SSISCA
18-07-19,18084.55,SSISCA
19-07-19,18139.16,SSISCA
22-07-19,18216.66,SSISCA
23-07-19,18213.67,SSISCA
24-07-19,18464.71,SSISCA
25-07-19,18422.9,SSISCA
26-07-19,18481.72,SSISCA
29-07-19,18404.25,SSISCA
30-07-19,18289.81,SSISCA
31-07-19,18020.42,SSISCA
01-08-19,18271.16,SSISCA
02-08-19,18372.63,SSISCA
05-08-19,18382.43,SSISCA
06-08-19,18364.14,SSISCA
07-08-19,18186.06,SSISCA
08-08-19,18348.04,SSISCA
09-08-19,18577.47,SSISCA
12-08-19,18704.34,SSISCA
13-08-19,18724.72,SSISCA
14-08-19,18738.69,SSISCA
15-08-19,18786.87,SSISCA
16-08-19,18882.94,SSISCA
19-08-19,18901.86,SSISCA
20-08-19,18908.24,SSISCA
21-08-19,18984.58,SSISCA
22-08-19,19021.67,SSISCA
23-08-19,18951.43,SSISCA
26-08-19,18943.11,SSISCA
27-08-19,18884.42,SSISCA
28-08-19,18826.32,SSISCA
29-08-19,18747.4,SSISCA
30-08-19,18776.4,SSISCA
31-08-19,18857.7,SSISCA
03-09-19,18855.43,SSISCA
04-09-19,18678.95,SSISCA
05-09-19,18622.58,SSISCA
06-09-19,18550.43,SSISCA
09-09-19,18557.33,SSISCA
10-09-19,18475.03,SSISCA
11-09-19,18387.65,SSISCA
12-09-19,18507.48,SSISCA
13-09-19,18777.2,SSISCA
16-09-19,19020.23,SSISCA
17-09-19,19060.19,SSISCA
18-09-19,19082.26,SSISCA
19-09-19,19038.03,SSISCA
20-09-19,19176.77,SSISCA
23-09-19,19187.12,SSISCA
24-09-19,18984.82,SSISCA
25-09-19,18972.39,SSISCA
26-09-19,19118.0,SSISCA
27-09-19,19262.07,SSISCA
30-09-19,19355.12,SSISCA
01-10-19,19277.1,SSISCA
02-10-19,19349.91,SSISCA
03-10-19,19212.71,SSISCA
04-10-19,19198.36,SSISCA
07-10-19,19066.58,SSISCA
08-10-19,18862.16,SSISCA
09-10-19,19016.93,SSISCA
10-10-19,19074.32,SSISCA
11-10-19,19056.64,SSISCA
14-10-19,19059.74,SSISCA
15-10-19,19141.15,SSISCA
16-10-19,19160.32,SSISCA
17-10-19,19089.22,SSISCA
18-10-19,18995.53,SSISCA
21-10-19,18966.22,SSISCA
22-10-19,18786.62,SSISCA
23-10-19,18855.09,SSISCA
24-10-19,18851.7,SSISCA
25-10-19,19084.75,SSISCA
28-10-19,19066.24,SSISCA
29-10-19,19084.07,SSISCA
30-10-19,19065.29,SSISCA
31-10-19,19045.11,SSISCA
01-11-19,18993.06,SSISCA
04-11-19,19068.14,SSISCA
05-11-19,19181.96,SSISCA
06-11-19,19169.82,SSISCA
07-11-19,19183.28,SSISCA
08-11-19,19273.13,SSISCA
11-11-19,19242.39,SSISCA
12-11-19,19196.19,SSISCA
13-11-19,19243.59,SSISCA
14-11-19,19191.14,SSISCA
15-11-19,18982.19,SSISCA
18-11-19,19037.85,SSISCA
19-11-19,18914.69,SSISCA
20-11-19,19042.81,SSISCA
21-11-19,18903.16,SSISCA
22-11-19,18725.62,SSISCA
25-11-19,18508.74,SSISCA
26-11-19,18473.99,SSISCA
27-11-19,18569.76,SSISCA
28-11-19,18534.33,SSISCA
29-11-19,18315.07,SSISCA
30-11-19,18386.12,SSISCA
02-12-19,18385.03,SSISCA
03-12-19,18128.93,SSISCA
04-12-19,18166.46,SSISCA
05-12-19,18431.46,SSISCA
06-12-19,18268.02,SSISCA
09-12-19,18346.31,SSISCA
10-12-19,18308.26,SSISCA
11-12-19,18275.76,SSISCA
12-12-19,18379.9,SSISCA
13-12-19,18388.95,SSISCA
16-12-19,18323.06,SSISCA
17-12-19,18267.96,SSISCA
18-12-19,18104.88,SSISCA
19-12-19,17942.75,SSISCA
20-12-19,18015.88,SSISCA
23-12-19,17979.05,SSISCA
24-12-19,17928.58,SSISCA
25-12-19,17933.92,SSISCA
26-12-19,18080.2,SSISCA
27-12-19,18030.16,SSISCA
30-12-19,18108.55,SSISCA
31-12-19,18179.58,SSISCA
31-12-19,18109.47,SSISCA
02-01-20,18108.4,SSISCA
03-01-20,18299.64,SSISCA
05-01-20,21756.12,SSISCA
06-01-20,21956.99,SSISCA
07-01-20,18107.33,SSISCA
08-01-20,18168.74,SSISCA
09-01-20,17827.28,SSISCA
10-01-20,18059.69,SSISCA
13-01-20,18119.8,SSISCA
14-01-20,18116.66,SSISCA
15-01-20,18180.95,SSISCA
16-01-20,18129.72,SSISCA
17-01-20,18290.52,SSISCA
20-01-20,18258.43,SSISCA
21-01-20,18357.19,SSISCA
22-01-20,18466.68,SSISCA
30-01-20,18570.15,SSISCA
31-01-20,17588.95,SSISCA
31-01-20,18058.17,SSISCA
03-02-20,17586.83,SSISCA
04-02-20,17235.76,SSISCA
05-02-20,17178.36,SSISCA
06-02-20,17198.42,SSISCA
07-02-20,17549.09,SSISCA
10-02-20,17520.22,SSISCA
11-02-20,17386.37,SSISCA
12-02-20,17506.03,SSISCA
13-02-20,17800.88,SSISCA
14-02-20,17786.28,SSISCA
17-02-20,17822.54,SSISCA
18-02-20,17795.36,SSISCA
19-02-20,17905.44,SSISCA
20-02-20,17993.13,SSISCA
21-02-20,18074.62,SSISCA
24-02-20,17963.0,SSISCA
25-02-20,17396.56,SSISCA
26-02-20,17516.0,SSISCA
27-02-20,17394.79,SSISCA
28-02-20,17561.57,SSISCA
29-02-20,17419.42,SSISCA
02-03-20,17418.38,SSISCA
03-03-20,17454.64,SSISCA
04-03-20,17539.47,SSISCA
05-03-20,17538.63,SSISCA
06-03-20,17540.53,SSISCA
09-03-20,17470.0,SSISCA
10-03-20,16316.39,SSISCA
11-03-20,16469.48,SSISCA
12-03-20,15935.03,SSISCA
13-03-20,15021.59,SSISCA
16-03-20,14828.09,SSISCA
17-03-20,14553.95,SSISCA
18-03-20,14747.7,SSISCA
19-03-20,14851.19,SSISCA
20-03-20,14502.57,SSISCA
23-03-20,14446.98,SSISCA
24-03-20,13411.89,SSISCA
25-03-20,13293.71,SSISCA
26-03-20,13857.37,SSISCA
27-03-20,13405.77,SSISCA
30-03-20,13111.98,SSISCA
31-03-20,12593.19,SSISCA
31-03-20,12610.33,SSISCA
01-04-20,12593.19,SSISCA
02-04-20,12916.2,SSISCA
03-04-20,12915.37,SSISCA
06-04-20,13343.9,SSISCA
07-04-20,14046.11,SSISCA
08-04-20,14205.71,SSISCA
09-04-20,14202.97,SSISCA
10-04-20,14317.26,SSISCA
13-04-20,14319.77,SSISCA
14-04-20,14552.51,SSISCA
15-04-20,14715.96,SSISCA
16-04-20,14936.1,SSISCA
17-04-20,15064.26,SSISCA
20-04-20,15451.85,SSISCA
21-04-20,15686.67,SSISCA
22-04-20,15222.15,SSISCA
23-04-20,15409.63,SSISCA
24-04-20,15515.19,SSISCA
27-04-20,15595.58,SSISCA
28-04-20,15673.53,SSISCA
29-04-20,15642.69,SSISCA
30-04-20,15641.85,SSISCA
04-05-20,15640.37,SSISCA
05-05-20,15491.02,SSISCA
06-05-20,15469.49,SSISCA
07-05-20,15636.73,SSISCA
08-05-20,15782.05,SSISCA
11-05-20,15865.76,SSISCA
12-05-20,15939.82,SSISCA
13-05-20,16004.29,SSISCA
14-05-20,16130.67,SSISCA
15-05-20,16083.04,SSISCA
18-05-20,15971.13,SSISCA
19-05-20,16195.67,SSISCA
20-05-20,16367.3,SSISCA
21-05-20,16460.97,SSISCA
22-05-20,16534.3,SSISCA
25-05-20,16467.67,SSISCA
26-05-20,16610.8,SSISCA
27-05-20,16756.33,SSISCA
28-05-20,16613.94,SSISCA
29-05-20,16628.62,SSISCA
31-05-20,16649.02,SSISCA
01-06-20,16649.02,SSISCA
02-06-20,16691.73,SSISCA
03-06-20,16715.67,SSISCA
04-06-20,16817.94,SSISCA
05-06-20,16768.39,SSISCA
08-06-20,16788.46,SSISCA
09-06-20,17018.07,SSISCA
10-06-20,16905.12,SSISCA
11-06-20,16946.2,SSISCA
12-06-20,16501.84,SSISCA
15-06-20,16560.55,SSISCA
16-06-20,16244.8,SSISCA
17-06-20,16456.42,SSISCA
18-06-20,16450.11,SSISCA
19-06-20,16524.6,SSISCA
22-06-20,16621.06,SSISCA
23-06-20,16665.07,SSISCA
24-06-20,16653.77,SSISCA
25-06-20,16641.36,SSISCA
26-06-20,16560.46,SSISCA
29-06-20,16589.34,SSISCA
30-06-20,16388.44,SSISCA
30-06-20,16342.6,SSISCA
01-07-20,16388.44,SSISCA
02-07-20,16511.52,SSISCA
03-07-20,16589.23,SSISCA
06-07-20,16626.14,SSISCA
07-07-20,16648.87,SSISCA
08-07-20,16695.4,SSISCA
09-07-20,16710.14,SSISCA
10-07-20,16778.73,SSISCA
13-07-20,16700.29,SSISCA
14-07-20,16719.08,SSISCA
15-07-20,16791.48,SSISCA
16-07-20,16800.81,SSISCA
17-07-20,16796.67,SSISCA
20-07-20,16822.74,SSISCA
21-07-20,16717.89,SSISCA
22-07-20,16746.94,SSISCA
23-07-20,16685.09,SSISCA
24-07-20,16695.38,SSISCA
27-07-20,16340.31,SSISCA
28-07-20,15835.15,SSISCA
29-07-20,16206.34,SSISCA
30-07-20,15969.02,SSISCA
31-07-20,16088.59,SSISCA
31-07-20,16092.57,SSISCA
03-08-20,16087.89,SSISCA
04-08-20,16323.84,SSISCA
05-08-20,16367.82,SSISCA
06-08-20,16535.71,SSISCA
07-08-20,16497.95,SSISCA
10-08-20,16503.47,SSISCA
11-08-20,16553.63,SSISCA
12-08-20,16559.57,SSISCA
13-08-20,16568.47,SSISCA
14-08-20,16699.45,SSISCA
17-08-20,16703.55,SSISCA
18-08-20,16731.83,SSISCA
19-08-20,16755.38,SSISCA
20-08-20,16855.5,SSISCA
21-08-20,16858.66,SSISCA
24-08-20,16899.9,SSISCA
25-08-20,17091.84,SSISCA
26-08-20,17235.6,SSISCA
27-08-20,17213.26,SSISCA
28-08-20,17311.09,SSISCA
31-08-20,17328.45,SSISCA
31-08-20,17375.68,SSISCA
01-09-20,17328.45,SSISCA
03-09-20,17383.0,SSISCA
04-09-20,17462.73,SSISCA
07-09-20,17405.0,SSISCA
08-09-20,17198.35,SSISCA
09-09-20,17275.95,SSISCA
10-09-20,17277.87,SSISCA
11-09-20,17334.06,SSISCA
14-09-20,17352.61,SSISCA
15-09-20,17398.93,SSISCA
16-09-20,17430.63,SSISCA
17-09-20,17481.39,SSISCA
18-09-20,17500.28,SSISCA
21-09-20,17573.6,SSISCA
22-09-20,17647.08,SSISCA
23-09-20,17634.18,SSISCA
24-09-20,17719.69,SSISCA
25-09-20,17709.44,SSISCA
28-09-20,17703.89,SSISCA
29-09-20,17774.03,SSISCA
30-09-20,17867.83,SSISCA
30-09-20,17716.78,SSISCA
01-10-20,17867.83,SSISCA
02-10-20,17970.99,SSISCA
05-10-20,17876.68,SSISCA
06-10-20,18024.51,SSISCA
07-10-20,18138.72,SSISCA
08-10-20,18170.88,SSISCA
09-10-20,18190.27,SSISCA
12-10-20,18211.38,SSISCA
13-10-20,18112.92,SSISCA
14-10-20,18094.01,SSISCA
15-10-20,18150.61,SSISCA
16-10-20,18187.75,SSISCA
19-10-20,18239.32,SSISCA
20-10-20,18199.85,SSISCA
21-10-20,18200.78,SSISCA
22-10-20,18140.06,SSISCA
23-10-20,18264.25,SSISCA
26-10-20,18390.65,SSISCA
27-10-20,18409.59,SSISCA
28-10-20,18386.74,SSISCA
29-10-20,18057.92,SSISCA
30-10-20,18093.02,SSISCA
31-10-20,18172.9,SSISCA
02-11-20,18172.42,SSISCA
02-11-20,18172.42,SSISCA
03-11-20,18227.71,SSISCA
03-11-20,18227.71,SSISCA
04-11-20,18292.79,SSISCA
04-11-20,18292.79,SSISCA
05-11-20,18342.74,SSISCA
06-11-20,18300.53,SSISCA
06-11-20,18300.53,SSISCA
09-11-20,18329.08,SSISCA
09-11-20,18329.08,SSISCA
10-11-20,18578.0,SSISCA
10-11-20,18578.0,SSISCA
11-11-20,18649.96,SSISCA
11-11-20,18649.96,SSISCA
12-11-20,18677.54,SSISCA
12-11-20,18677.54,SSISCA
13-11-20,18696.37,SSISCA
16-11-20,18811.42,SSISCA
17-11-20,18693.44,SSISCA
18-11-20,18933.45,SSISCA
19-11-20,19002.09,SSISCA
20-11-20,19156.54,SSISCA
23-11-20,19190.79,SSISCA
24-11-20,19469.69,SSISCA
25-11-20,19582.13,SSISCA
26-11-20,19500.56,SSISCA
27-11-20,19378.43,SSISCA
30-11-20,19599.48,SSISCA
01-12-20,19568.95,SSISCA
02-12-20,19656.64,SSISCA
03-12-20,19671.83,SSISCA
04-12-20,19733.53,SSISCA
07-12-20,19695.38,SSISCA
08-12-20,19827.11,SSISCA
09-12-20,19803.25,SSISCA
10-12-20,19965.29,SSISCA
11-12-20,19842.45,SSISCA
14-12-20,19980.73,SSISCA
16-12-20,20223.67,SSISCA
17-12-20,20424.94,SSISCA
18-12-20,20816.23,SSISCA
22-12-20,21089.18,SSISCA
23-12-20,21218.23,SSISCA
24-12-20,21187.98,SSISCA
25-12-20,21015.24,SSISCA
28-12-20,21233.23,SSISCA
29-12-20,21265.02,SSISCA
30-12-20,21334.18,SSISCA
31-12-20,21344.1,SSISCA
07-01-21,21994.85,SSISCA
08-01-21,22062.59,SSISCA
11-01-21,22200.48,SSISCA
12-01-21,22472.87,SSISCA
13-01-21,22782.59,SSISCA
14-01-21,22741.58,SSISCA
15-01-21,22752.92,SSISCA
18-01-21,22804.57,SSISCA
19-01-21,22670.56,SSISCA
20-01-21,21683.12,SSISCA
21-01-21,21856.14,SSISCA
22-01-21,22373.2,SSISCA
25-01-21,22501.58,SSISCA
26-01-21,22698.06,SSISCA
27-01-21,22423.43,SSISCA
28-01-21,21834.98,SSISCA
29-01-21,20373.1,SSISCA
01-02-21,21338.06,SSISCA
02-02-21,20811.51,SSISCA
03-02-21,21513.21,SSISCA
04-02-21,22093.85,SSISCA
05-02-21,22228.07,SSISCA
08-02-21,22442.84,SSISCA
09-02-21,21907.6,SSISCA
17-02-21,22416.37,SSISCA
18-02-21,23268.77,SSISCA
19-02-21,23547.68,SSISCA
22-02-21,23539.0,SSISCA
23-02-21,23522.7,SSISCA
24-02-21,23462.63,SSISCA
25-02-21,23328.09,SSISCA
26-02-21,23484.35,SSISCA
01-03-21,23708.26,SSISCA
02-03-21,23955.36,SSISCA
03-03-21,24004.07,SSISCA
04-03-21,24080.21,SSISCA
05-03-21,23638.42,SSISCA
08-03-21,23746.3,SSISCA
09-03-21,23765.58,SSISCA
10-03-21,23730.38,SSISCA
11-03-21,23905.76,SSISCA
12-03-21,24136.71,SSISCA
15-03-21,24073.66,SSISCA
16-03-21,24203.22,SSISCA
17-03-21,24310.97,SSISCA
18-03-21,24394.7,SSISCA
19-03-21,24490.33,SSISCA
22-03-21,24562.28,SSISCA
23-03-21,24426.0,SSISCA
24-03-21,24311.6,SSISCA
25-03-21,23831.52,SSISCA
26-03-21,23727.87,SSISCA
29-03-21,23692.37,SSISCA
30-03-21,23949.41,SSISCA
01-04-21,24070.88,SSISCA
02-04-21,24504.34,SSISCA
05-04-21,24558.54,SSISCA
06-04-21,24603.43,SSISCA
07-04-21,24619.71,SSISCA
08-04-21,24706.41,SSISCA
09-04-21,24608.14,SSISCA
13-04-21,25060.93,SSISCA
14-04-21,24744.13,SSISCA
15-04-21,24940.54,SSISCA
16-04-21,24751.68,SSISCA
19-04-21,24554.72,SSISCA
20-04-21,25033.57,SSISCA
22-04-21,25142.18,SSISCA
23-04-21,24618.16,SSISCA
26-04-21,25037.29,SSISCA
28-04-21,24623.24,SSISCA
29-04-21,24735.65,SSISCA
04-05-21,24936.38,SSISCA
05-05-21,25082.95,SSISCA
06-05-21,25318.31,SSISCA
07-05-21,25346.75,SSISCA
10-05-21,25281.2,SSISCA
11-05-21,25640.78,SSISCA
12-05-21,25480.04,SSISCA
13-05-21,25754.63,SSISCA
14-05-21,25577.45,SSISCA
17-05-21,25689.17,SSISCA
18-05-21,25587.9,SSISCA
19-05-21,25734.22,SSISCA
20-05-21,26140.36,SSISCA
21-05-21,26573.16,SSISCA
24-05-21,26520.54,SSISCA
25-05-21,26688.26,SSISCA
26-05-21,26975.77,SSISCA
27-05-21,27103.2,SSISCA
28-05-21,26818.98,SSISCA
31-05-21,27063.15,SSISCA
01-06-21,27394.9,SSISCA
02-06-21,27595.64,SSISCA
03-06-21,27634.15,SSISCA
04-06-21,27968.4,SSISCA
07-06-21,27981.7,SSISCA
08-06-21,27600.59,SSISCA
09-06-21,27031.3,SSISCA
10-06-21,27207.0,SSISCA
11-06-21,27208.16,SSISCA
14-06-21,27811.03,SSISCA
15-06-21,28035.11,SSISCA
16-06-21,28051.0,SSISCA
17-06-21,27915.52,SSISCA
18-06-21,28007.76,SSISCA
21-06-21,28321.19,SSISCA
22-06-21,28353.91,SSISCA
23-06-21,28488.6,SSISCA
24-06-21,28314.33,SSISCA
25-06-21,28215.36,SSISCA
28-06-21,28283.46,SSISCA
29-06-21,28545.93,SSISCA
30-06-21,28640.97,SSISCA
01-07-21,28685.42,SSISCA
02-07-21,28832.7,SSISCA
05-07-21,29078.76,SSISCA
06-07-21,29251.19,SSISCA
07-07-21,28057.7,SSISCA
08-07-21,28780.92,SSISCA
09-07-21,28747.8,SSISCA
12-07-21,28554.62,SSISCA
13-07-21,27956.25,SSISCA
14-07-21,28070.86,SSISCA
15-07-21,27613.71,SSISCA
16-07-21,27909.15,SSISCA
19-07-21,28079.96,SSISCA
20-07-21,27191.1,SSISCA
21-07-21,27916.95,SSISCA
22-07-21,27994.25,SSISCA
23-07-21,28397.49,SSISCA
26-07-21,28025.55,SSISCA
27-07-21,28172.68,SSISCA
28-07-21,28265.51,SSISCA
29-07-21,28263.44,SSISCA
30-07-21,28650.82,SSISCA
02-08-21,28973.49,SSISCA
03-08-21,29148.13,SSISCA
04-08-21,29267.27,SSISCA
05-08-21,29318.65,SSISCA
06-08-21,29613.04,SSISCA
09-08-21,29499.57,SSISCA
10-08-21,29934.64,SSISCA
11-08-21,29940.04,SSISCA
12-08-21,29892.22,SSISCA
13-08-21,29598.98,SSISCA
16-08-21,29791.75,SSISCA
17-08-21,30124.22,SSISCA
18-08-21,30028.55,SSISCA
19-08-21,30057.77,SSISCA
20-08-21,30222.82,SSISCA
23-08-21,29431.28,SSISCA
24-08-21,28820.8,SSISCA
25-08-21,28848.17,SSISCA
26-08-21,29021.8,SSISCA
27-08-21,28962.82,SSISCA
30-08-21,29185.91,SSISCA
31-08-21,29505.19,SSISCA
01-09-21,29633.97,SSISCA
06-09-21,29630.44,SSISCA
07-09-21,30020.34,SSISCA
08-09-21,29845.62,SSISCA
09-09-21,29780.72,SSISCA
10-09-21,30155.01,SSISCA
13-09-21,30154.32,SSISCA
14-09-21,30139.59,SSISCA
15-09-21,30051.64,SSISCA
16-09-21,30203.74,SSISCA
17-09-21,30241.73,SSISCA
20-09-21,30364.24,SSISCA
21-09-21,30147.33,SSISCA
22-09-21,29911.97,SSISCA
23-09-21,30086.55,SSISCA
24-09-21,30286.01,SSISCA
27-09-21,30206.46,SSISCA
28-09-21,29746.89,SSISCA
29-09-21,29995.62,SSISCA
30-09-21,30140.44,SSISCA
01-10-21,30159.51,SSISCA
04-10-21,30031.77,SSISCA
05-10-21,30354.41,SSISCA
06-10-21,30579.6,SSISCA
07-10-21,30844.8,SSISCA
08-10-21,30793.8,SSISCA
11-10-21,30883.63,SSISCA
12-10-21,31219.55,SSISCA
13-10-21,31209.18,SSISCA
14-10-21,31233.56,SSISCA
15-10-21,31260.73,SSISCA
18-10-21,31280.03,SSISCA
19-10-21,31175.01,SSISCA
20-10-21,31098.71,SSISCA
21-10-21,31054.39,SSISCA
22-10-21,30957.53,SSISCA
25-10-21,30988.81,SSISCA
26-10-21,30791.69,SSISCA
27-10-21,31003.58,SSISCA
28-10-21,31555.44,SSISCA
29-10-21,31786.68,SSISCA
01-11-21,31917.15,SSISCA
02-11-21,31763.67,SSISCA
03-11-21,31820.05,SSISCA
04-11-21,31690.44,SSISCA
05-11-21,31830.69,SSISCA
08-11-21,32094.9,SSISCA
09-11-21,32351.29,SSISCA
10-11-21,32278.28,SSISCA
11-11-21,32335.0,SSISCA
12-11-21,32306.79,SSISCA
15-11-21,32552.68,SSISCA
16-11-21,32629.44,SSISCA
17-11-21,32461.93,SSISCA
18-11-21,32567.19,SSISCA
19-11-21,32259.22,SSISCA
22-11-21,31782.91,SSISCA
23-11-21,31573.25,SSISCA
24-11-21,32007.16,SSISCA
25-11-21,32502.56,SSISCA
26-11-21,32683.11,SSISCA
29-11-21,32397.51,SSISCA
30-11-21,32165.65,SSISCA
01-12-21,32195.17,SSISCA
02-12-21,32345.95,SSISCA
03-12-21,32110.89,SSISCA
06-12-21,31386.54,SSISCA
07-12-21,30608.47,SSISCA
08-12-21,31207.94,SSISCA
09-12-21,31251.73,SSISCA
10-12-21,31559.53,SSISCA
13-12-21,31508.07,SSISCA
14-12-21,31653.65,SSISCA
15-12-21,31652.75,SSISCA
16-12-21,31720.54,SSISCA
17-12-21,31627.36,SSISCA
19-12-21,31639.22,SSISCA
21-12-21,31434.58,SSISCA
22-12-21,31525.52,SSISCA
23-12-21,31397.14,SSISCA
24-12-21,31148.23,SSISCA
27-12-21,31432.31,SSISCA
28-12-21,31651.01,SSISCA
29-12-21,31854.51,SSISCA
30-12-21,31753.05,SSISCA
31-12-21,31881.89,SSISCA
04-01-22,32190.36,SSISCA
05-01-22,32565.53,SSISCA
06-01-22,32517.02,SSISCA
07-01-22,32470.69,SSISCA
10-01-22,32308.48,SSISCA
11-01-22,31777.96,SSISCA
12-01-22,31564.68,SSISCA
13-01-22,32076.39,SSISCA
14-01-22,31964.51,SSISCA
17-01-22,31852.03,SSISCA
18-01-22,30783.63,SSISCA
19-01-22,30794.76,SSISCA
20-01-22,30856.11,SSISCA
21-01-22,31262.97,SSISCA
24-01-22,31323.28,SSISCA
25-01-22,30519.36,SSISCA
26-01-22,31251.06,SSISCA
27-01-22,31357.74,SSISCA
28-01-22,31177.7,SSISCA
07-02-22,31343.0,SSISCA
08-02-22,31610.3,SSISCA
09-02-22,31977.01,SSISCA
10-02-22,32302.97,SSISCA
11-02-22,32302.2,SSISCA
14-02-22,32310.43,SSISCA
15-02-22,31653.31,SSISCA
16-02-22,31873.53,SSISCA
17-02-22,31928.74,SSISCA
18-02-22,32171.78,SSISCA
21-02-22,32097.1,SSISCA
22-02-22,32198.89,SSISCA
23-02-22,32223.02,SSISCA
24-02-22,32399.47,SSISCA
25-02-22,32012.88,SSISCA
28-02-22,32065.3,SSISCA
01-03-22,32108.93,SSISCA
02-03-22,32098.43,SSISCA
03-03-22,31796.2,SSISCA
04-03-22,32318.59,SSISCA
07-03-22,32327.6,SSISCA
08-03-22,32244.95,SSISCA
09-03-22,31970.07,SSISCA
10-03-22,31947.09,SSISCA
11-03-22,31989.96,SSISCA
14-03-22,31870.95,SSISCA
15-03-22,31434.34,SSISCA
16-03-22,31516.81,SSISCA
17-03-22,31661.61,SSISCA
18-03-22,31603.07,SSISCA
21-03-22,31833.55,SSISCA
22-03-22,32219.94,SSISCA
23-03-22,32428.98,SSISCA
24-03-22,32530.52,SSISCA
25-03-22,32538.24,SSISCA
28-03-22,32802.91,SSISCA
29-03-22,32985.16,SSISCA
30-03-22,33633.47,SSISCA
31-03-22,33529.11,SSISCA
01-04-22,33592.64,SSISCA
04-04-22,34391.77,SSISCA
05-04-22,34326.16,SSISCA
06-04-22,34240.72,SSISCA
07-04-22,34573.0,SSISCA
08-04-22,34176.49,SSISCA
12-04-22,33535.61,SSISCA
13-04-22,33028.2,SSISCA
14-04-22,33733.42,SSISCA
15-04-22,33990.92,SSISCA
18-04-22,33814.11,SSISCA
19-04-22,33405.62,SSISCA
20-04-22,32917.79,SSISCA
21-04-22,32494.26,SSISCA
22-04-22,32290.89,SSISCA
25-04-22,31940.24,SSISCA
26-04-22,29911.96,SSISCA
27-04-22,30791.58,SSISCA
28-04-22,30952.33,SSISCA
29-04-22,31100.24,SSISCA
04-05-22,31374.97,SSISCA
05-05-22,30986.54,SSISCA
06-05-22,31153.95,SSISCA
09-05-22,30465.72,SSISCA
10-05-22,28742.87,SSISCA
11-05-22,29433.88,SSISCA
12-05-22,29816.75,SSISCA
13-05-22,28315.4,SSISCA
16-05-22,26928.79,SSISCA
17-05-22,26796.11,SSISCA
18-05-22,28351.56,SSISCA
19-05-22,28537.29,SSISCA
20-05-22,28390.16,SSISCA
23-05-22,28417.36,SSISCA
24-05-22,27971.71,SSISCA
25-05-22,28172.05,SSISCA
26-05-22,29186.93,SSISCA
27-05-22,29344.54,SSISCA
30-05-22,30048.09,SSISCA
31-05-22,30177.89,SSISCA
01-06-22,30068.83,SSISCA
02-06-22,30232.67,SSISCA
03-06-22,30050.04,SSISCA
06-06-22,30379.23,SSISCA
07-06-22,30442.58,SSISCA
08-06-22,30675.55,SSISCA
09-06-22,30983.94,SSISCA
10-06-22,31064.17,SSISCA
13-06-22,30374.35,SSISCA
14-06-22,28938.61,SSISCA
15-06-22,29196.19,SSISCA
16-06-22,29067.77,SSISCA
17-06-22,29689.67,SSISCA
20-06-22,29299.14,SSISCA
21-06-22,28309.15,SSISCA
22-06-22,27908.53,SSISCA
23-06-22,27684.56,SSISCA
24-06-22,28327.84,SSISCA
27-06-22,28235.29,SSISCA
28-06-22,28569.63,SSISCA
29-06-22,28973.43,SSISCA
30-06-22,29035.97,SSISCA
01-07-22,28498.36,SSISCA
04-07-22,28552.52,SSISCA
05-07-22,28357.51,SSISCA
06-07-22,28088.09,SSISCA
07-07-22,27581.58,SSISCA
08-07-22,27699.85,SSISCA
11-07-22,27910.71,SSISCA
12-07-22,27633.29,SSISCA
13-07-22,27956.94,SSISCA
14-07-22,27948.67,SSISCA
15-07-22,28008.69,SSISCA
18-07-22,27909.26,SSISCA
19-07-22,27910.96,SSISCA
20-07-22,27776.96,SSISCA
21-07-22,28114.05,SSISCA
22-07-22,28311.75,SSISCA
25-07-22,28210.08,SSISCA
26-07-22,28008.76,SSISCA
27-07-22,27914.31,SSISCA
28-07-22,27912.08,SSISCA
29-07-22,28143.49,SSISCA
01-08-22,28060.67,SSISCA
02-08-22,28560.34,SSISCA
03-08-22,28653.7,SSISCA
04-08-22,28861.95,SSISCA
05-08-22,28980.02,SSISCA
08-08-22,28944.78,SSISCA
09-08-22,29075.69,SSISCA
10-08-22,29189.1,SSISCA
11-08-22,29096.19,SSISCA
12-08-22,28953.54,SSISCA
15-08-22,29132.98,SSISCA
16-08-22,29536.1,SSISCA
17-08-22,29731.97,SSISCA
18-08-22,29630.39,SSISCA
19-08-22,29551.8,SSISCA
22-08-22,29373.0,SSISCA
23-08-22,29478.87,SSISCA
24-08-22,29712.79,SSISCA
25-08-22,29751.63,SSISCA
26-08-22,30050.94,SSISCA
29-08-22,30125.17,SSISCA
30-08-22,30004.47,SSISCA
31-08-22,30063.77,SSISCA
05-09-22,30150.87,SSISCA
06-09-22,30074.62,SSISCA
07-09-22,30022.52,SSISCA
08-09-22,29347.08,SSISCA
09-09-22,29357.69,SSISCA
12-09-22,29561.06,SSISCA
13-09-22,29679.46,SSISCA
14-09-22,29682.38,SSISCA
15-09-22,29569.47,SSISCA
16-09-22,29542.93,SSISCA
19-09-22,29097.02,SSISCA
20-09-22,28611.02,SSISCA
21-09-22,28932.35,SSISCA
22-09-22,28692.5,SSISCA
23-09-22,28859.24,SSISCA
26-09-22,28676.98,SSISCA
27-09-22,28120.65,SSISCA
28-09-22,27975.58,SSISCA
29-09-22,27340.33,SSISCA
30-09-22,26972.7,SSISCA
03-10-22,27274.4,SSISCA
04-10-22,25912.51,SSISCA
05-10-22,25795.14,SSISCA
06-10-22,26271.53,SSISCA
07-10-22,25241.59,SSISCA
10-10-22,24112.23,SSISCA
11-10-22,24504.68,SSISCA
12-10-22,23452.02,SSISCA
13-10-22,24232.06,SSISCA
14-10-22,24568.97,SSISCA
17-10-22,25004.82,SSISCA
18-10-22,24950.94,SSISCA
19-10-22,25083.01,SSISCA
20-10-22,25025.73,SSISCA
21-10-22,25057.18,SSISCA
24-10-22,23710.11,SSISCA
25-10-22,22612.67,SSISCA
26-10-22,23022.18,SSISCA
27-10-22,23035.91,SSISCA
28-10-22,23860.67,SSISCA
31-10-22,23803.06,SSISCA
01-11-22,23553.95,SSISCA
02-11-22,23469.09,SSISCA
03-11-22,23164.2,SSISCA
04-11-22,23253.94,SSISCA
07-11-22,22687.33,SSISCA
08-11-22,21827.99,SSISCA
09-11-22,21983.64,SSISCA
10-11-22,22024.24,SSISCA
11-11-22,20884.7,SSISCA
14-11-22,20953.48,SSISCA
15-11-22,20277.09,SSISCA
16-11-22,19102.22,SSISCA
17-11-22,20176.41,SSISCA
18-11-22,20830.46,SSISCA
21-11-22,21076.88,SSISCA
22-11-22,20928.65,SSISCA
23-11-22,20967.78,SSISCA
24-11-22,20962.0,SSISCA
25-11-22,20918.78,SSISCA
28-11-22,21504.62,SSISCA
29-11-22,22479.33,SSISCA
30-11-22,22870.13,SSISCA
01-12-22,23243.62,SSISCA
02-12-22,23276.36,SSISCA
05-12-22,24156.22,SSISCA
06-12-22,24491.37,SSISCA
07-12-22,23449.26,SSISCA
08-12-22,23385.29,SSISCA
09-12-22,23888.85,SSISCA
12-12-22,24112.12,SSISCA
13-12-22,23794.72,SSISCA
14-12-22,24165.26,SSISCA
15-12-22,24226.82,SSISCA
16-12-22,24488.22,SSISCA
19-12-22,24576.33,SSISCA
20-12-22,24305.01,SSISCA
21-12-22,23935.69,SSISCA
22-12-22,24027.57,SSISCA
23-12-22,24130.86,SSISCA
26-12-22,24120.98,SSISCA
27-12-22,23412.71,SSISCA
28-12-22,23805.13,SSISCA
29-12-22,23855.85,SSISCA
30-12-22,23727.96,SSISCA
03-01-23,23807.29,SSISCA
04-01-23,24644.1,SSISCA
05-01-23,24584.59,SSISCA
06-01-23,24820.46,SSISCA
09-01-23,24727.97,SSISCA
10-01-23,24619.04,SSISCA
11-01-23,24675.17,SSISCA
12-01-23,24849.53,SSISCA
13-01-23,24801.2,SSISCA
16-01-23,24753.42,SSISCA
17-01-23,24948.38,SSISCA
18-01-23,25490.83,SSISCA
19-01-23,25839.09,SSISCA
27-01-23,25984.33,SSISCA
30-01-23,26136.48,SSISCA
31-01-23,26030.89,SSISCA
01-02-23,26332.0,SSISCA
02-02-23,25742.33,SSISCA
03-02-23,25927.66,SSISCA
06-02-23,25674.03,SSISCA
07-02-23,25801.39,SSISCA
08-02-23,25450.1,SSISCA
09-02-23,25439.47,SSISCA
10-02-23,25389.65,SSISCA
13-02-23,25028.81,SSISCA
14-02-23,24846.51,SSISCA
15-02-23,24907.03,SSISCA
16-02-23,25078.94,SSISCA
17-02-23,25431.53,SSISCA
20-02-23,25409.3,SSISCA
21-02-23,26005.19,SSISCA
22-02-23,25896.92,SSISCA
23-02-23,25424.77,SSISCA
24-02-23,25372.73,SSISCA
27-02-23,25004.47,SSISCA
28-02-23,24519.18,SSISCA
01-03-23,24548.41,SSISCA
02-03-23,25012.59,SSISCA
03-03-23,24838.58,SSISCA
06-03-23,24518.44,SSISCA
07-03-23,24559.58,SSISCA
08-03-23,24710.0,SSISCA
09-03-23,24884.17,SSISCA
10-03-23,25123.63,SSISCA
13-03-23,24932.67,SSISCA
14-03-23,24697.58,SSISCA
15-03-23,24398.86,SSISCA
16-03-23,24985.04,SSISCA
17-03-23,24649.86,SSISCA
20-03-23,24592.7,SSISCA
21-03-23,24178.27,SSISCA
22-03-23,24359.59,SSISCA
23-03-23,24335.55,SSISCA
24-03-23,24368.19,SSISCA
27-03-23,24452.62,SSISCA
28-03-23,24639.38,SSISCA
29-03-23,24748.1,SSISCA
30-03-23,24727.91,SSISCA
31-03-23,24764.79,SSISCA
03-04-23,24875.13,SSISCA
04-04-23,25301.21,SSISCA
05-04-23,25413.94,SSISCA
06-04-23,25446.18,SSISCA
07-04-23,25233.32,SSISCA
10-04-23,25236.21,SSISCA
11-04-23,25347.6,SSISCA
12-04-23,25400.01,SSISCA
13-04-23,25481.39,SSISCA
14-04-23,25497.95,SSISCA
17-04-23,25171.32,SSISCA
18-04-23,25213.15,SSISCA
19-04-23,25207.01,SSISCA
20-04-23,25155.18,SSISCA
21-04-23,25183.48,SSISCA
24-04-23,25050.33,SSISCA
25-04-23,25112.46,SSISCA
26-04-23,24966.3,SSISCA
27-04-23,25107.02,SSISCA
28-04-23,25160.76,SSISCA
04-05-23,25268.21,SSISCA
05-05-23,25198.78,SSISCA
08-05-23,25143.22,SSISCA
09-05-23,25280.22,SSISCA
10-05-23,25314.61,SSISCA
11-05-23,25496.83,SSISCA
12-05-23,25421.17,SSISCA
15-05-23,25695.32,SSISCA
16-05-23,25694.2,SSISCA
17-05-23,25741.46,SSISCA
18-05-23,25631.09,SSISCA
19-05-23,25828.63,SSISCA
22-05-23,25972.86,SSISCA
23-05-23,26059.22,SSISCA
24-05-23,25901.73,SSISCA
25-05-23,25789.3,SSISCA
26-05-23,25991.41,SSISCA
29-05-23,26104.28,SSISCA
30-05-23,26259.0,SSISCA
31-05-23,26430.51,SSISCA
01-06-23,26414.27,SSISCA
02-06-23,26529.54,SSISCA
05-06-23,26877.12,SSISCA
06-06-23,27065.71,SSISCA
07-06-23,27246.22,SSISCA
08-06-23,27264.68,SSISCA
09-06-23,26859.58,SSISCA
12-06-23,27115.83,SSISCA
13-06-23,27350.65,SSISCA
14-06-23,27324.77,SSISCA
15-06-23,27156.99,SSISCA
16-06-23,27109.1,SSISCA
19-06-23,27102.46,SSISCA
20-06-23,27085.3,SSISCA
21-06-23,27407.99,SSISCA
22-06-23,27584.4,SSISCA
23-06-23,27704.4,SSISCA
26-06-23,27716.72,SSISCA
27-06-23,27879.65,SSISCA
28-06-23,27999.25,SSISCA
29-06-23,28064.32,SSISCA
30-06-23,27631.36,SSISCA
03-07-23,27722.62,SSISCA
04-07-23,27725.63,SSISCA
05-07-23,27868.89,SSISCA
06-07-23,27969.52,SSISCA
07-07-23,27796.53,SSISCA
10-07-23,28216.35,SSISCA
11-07-23,28560.91,SSISCA
12-07-23,28687.68,SSISCA
13-07-23,28710.89,SSISCA
14-07-23,28933.04,SSISCA
17-07-23,29177.49,SSISCA
18-07-23,29139.29,SSISCA
19-07-23,29137.07,SSISCA
20-07-23,29128.11,SSISCA
21-07-23,29350.47,SSISCA
24-07-23,29719.88,SSISCA
25-07-23,29960.09,SSISCA
26-07-23,29928.84,SSISCA
27-07-23,29923.63,SSISCA
28-07-23,30020.81,SSISCA
31-07-23,30140.37,SSISCA
01-08-23,30310.31,SSISCA
02-08-23,30099.89,SSISCA
03-08-23,30061.4,SSISCA
04-08-23,30075.81,SSISCA
07-08-23,30281.72,SSISCA
08-08-23,30511.37,SSISCA
09-08-23,30506.8,SSISCA
10-08-23,30376.7,SSISCA
11-08-23,30027.45,SSISCA
14-08-23,30158.68,SSISCA
15-08-23,30315.12,SSISCA
16-08-23,30463.59,SSISCA
17-08-23,30605.25,SSISCA
18-08-23,30600.54,SSISCA
21-08-23,29599.29,SSISCA
22-08-23,29707.71,SSISCA
23-08-23,29871.14,SSISCA
24-08-23,29729.44,SSISCA
25-08-23,30323.67,SSISCA
28-08-23,30294.72,SSISCA
29-08-23,30799.5,SSISCA
30-08-23,30895.69,SSISCA
31-08-23,31387.79,SSISCA
05-09-23,31678.14,SSISCA
06-09-23,31876.41,SSISCA
07-09-23,32272.58,SSISCA
08-09-23,32292.78,SSISCA
11-09-23,32318.4,SSISCA
12-09-23,31949.94,SSISCA
13-09-23,32435.77,SSISCA
14-09-23,32372.61,SSISCA
15-09-23,32102.23,SSISCA
18-09-23,32075.7,SSISCA
19-09-23,31877.22,SSISCA
20-09-23,32072.45,SSISCA
21-09-23,32349.19,SSISCA
22-09-23,32013.55,SSISCA
25-09-23,31649.74,SSISCA
26-09-23,30676.43,SSISCA
27-09-23,30604.38,SSISCA
28-09-23,31025.65,SSISCA
29-09-23,31105.6,SSISCA
02-10-23,31009.37,SSISCA
03-10-23,31019.47,SSISCA
04-10-23,30153.22,SSISCA
05-10-23,30421.46,SSISCA
06-10-23,30110.54,SSISCA
09-10-23,30448.67,SSISCA
10-10-23,30776.11,SSISCA
11-10-23,31062.68,SSISCA
12-10-23,31302.93,SSISCA
13-10-23,31247.16,SSISCA
16-10-23,31385.14,SSISCA
17-10-23,31058.29,SSISCA
18-10-23,30195.05,SSISCA
19-10-23,29708.26,SSISCA
20-10-23,29261.85,SSISCA
23-10-23,29850.81,SSISCA
24-10-23,29294.48,SSISCA
25-10-23,29518.3,SSISCA
26-10-23,29362.35,SSISCA
27-10-23,28088.2,SSISCA
30-10-23,28242.31,SSISCA
31-10-23,27557.81,SSISCA
01-11-23,26790.76,SSISCA
02-11-23,27070.16,SSISCA
03-11-23,28147.18,SSISCA
06-11-23,28232.13,SSISCA
07-11-23,28550.06,SSISCA
08-11-23,28394.04,SSISCA
09-11-23,29380.63,SSISCA
10-11-23,29459.91,SSISCA
13-11-23,29145.94,SSISCA
14-11-23,29126.84,SSISCA
15-11-23,29572.62,SSISCA
16-11-23,29697.11,SSISCA
17-11-23,29831.73,SSISCA
20-11-23,29417.27,SSISCA
21-11-23,29322.56,SSISCA
22-11-23,29609.88,SSISCA
23-11-23,29650.2,SSISCA
24-11-23,28921.79,SSISCA
27-11-23,29118.81,SSISCA
28-11-23,28855.04,SSISCA
29-11-23,29022.69,SSISCA
30-11-23,29363.14,SSISCA
01-12-23,29191.47,SSISCA
04-12-23,29347.5,SSISCA
05-12-23,29751.17,SSISCA
06-12-23,29763.73,SSISCA
07-12-23,29941.11,SSISCA
08-12-23,29880.06,SSISCA
11-12-23,30001.28,SSISCA
12-12-23,30027.02,SSISCA
13-12-23,30219.77,SSISCA
14-12-23,29722.59,SSISCA
15-12-23,29701.48,SSISCA
18-12-23,29633.54,SSISCA
19-12-23,29340.98,SSISCA
20-12-23,29534.4,SSISCA
21-12-23,29740.49,SSISCA
22-12-23,29929.28,SSISCA
25-12-23,29968.91,SSISCA
26-12-23,30339.9,SSISCA
27-12-23,30428.68,SSISCA
28-12-23,30432.6,SSISCA
29-12-23,30573.98,SSISCA
02-01-24,30576.68,SSISCA
03-01-24,30637.67,SSISCA
04-01-24,30916.12,SSISCA
05-01-24,31079.36,SSISCA
08-01-24,31254.51,SSISCA
09-01-24,31334.85,SSISCA
10-01-24,31256.28,SSISCA
11-01-24,31118.7,SSISCA
12-01-24,31124.89,SSISCA
15-01-24,31009.99,SSISCA
16-01-24,31015.23,SSISCA
17-01-24,31265.68,SSISCA
18-01-24,31309.81,SSISCA
19-01-24,31535.07,SSISCA
22-01-24,31780.72,SSISCA
23-01-24,31814.97,SSISCA
24-01-24,31721.68,SSISCA
25-01-24,31603.68,SSISCA
26-01-24,31628.38,SSISCA
29-01-24,31872.34,SSISCA
30-01-24,31966.99,SSISCA
31-01-24,32233.84,SSISCA
01-02-24,32013.33,SSISCA
02-02-24,32520.44,SSISCA
05-02-24,32696.27,SSISCA
06-02-24,33150.22,SSISCA
07-02-24,33298.54,SSISCA
15-02-24,33558.52,SSISCA
16-02-24,33511.95,SSISCA
19-02-24,33675.56,SSISCA
20-02-24,33749.1,SSISCA
21-02-24,33728.08,SSISCA
22-02-24,33903.86,SSISCA
23-02-24,33848.41,SSISCA
26-02-24,33356.75,SSISCA
27-02-24,33932.3,SSISCA
28-02-24,34230.93,SSISCA
29-02-24,34430.13,SSISCA
01-03-24,34511.64,SSISCA
04-03-24,34789.19,SSISCA
05-03-24,34994.76,SSISCA
06-03-24,35196.47,SSISCA
07-03-24,34835.52,SSISCA
08-03-24,35087.64,SSISCA
11-03-24,34645.5,SSISCA
12-03-24,34446.2,SSISCA
13-03-24,34829.54,SSISCA
14-03-24,35775.22,SSISCA
15-03-24,35681.84,SSISCA
18-03-24,35694.36,SSISCA
19-03-24,34912.73,SSISCA
20-03-24,34889.8,SSISCA
21-03-24,35475.07,SSISCA
22-03-24,35956.1,SSISCA
25-03-24,35956.24,SSISCA
26-03-24,35623.04,SSISCA
27-03-24,36062.26,SSISCA
28-03-24,36221.08,SSISCA
29-03-24,36523.07,SSISCA
01-04-24,36405.25,SSISCA
02-04-24,36356.05,SSISCA
03-04-24,36546.29,SSISCA
04-04-24,36146.89,SSISCA
05-04-24,35935.18,SSISCA
08-04-24,35545.58,SSISCA
09-04-24,35256.56,SSISCA
10-04-24,35646.44,SSISCA
11-04-24,35539.03,SSISCA
12-04-24,35545.49,SSISCA
15-04-24,36000.73,SSISCA
16-04-24,34467.25,SSISCA
17-04-24,34661.77,SSISCA
19-04-24,34222.6,SSISCA
22-04-24,33678.0,SSISCA
23-04-24,34042.72,SSISCA
24-04-24,34061.03,SSISCA
25-04-24,35183.48,SSISCA
26-04-24,35294.38,SSISCA
02-05-24,35334.54,SSISCA
03-05-24,35796.34,SSISCA
06-05-24,35977.83,SSISCA
07-05-24,36518.85,SSISCA
08-05-24,36901.53,SSISCA
09-05-24,36969.09,SSISCA
10-05-24,36933.74,SSISCA
13-05-24,37003.33,SSISCA
14-05-24,36803.78,SSISCA
15-05-24,36956.73,SSISCA
16-05-24,37447.7,SSISCA
17-05-24,37846.24,SSISCA
20-05-24,37840.38,SSISCA
21-05-24,37813.94,SSISCA
22-05-24,38075.75,SSISCA
23-05-24,38095.39,SSISCA
24-05-24,38486.61,SSISCA
27-05-24,37848.52,SSISCA
28-05-24,38026.88,SSISCA
29-05-24,38499.46,SSISCA
30-05-24,38155.02,SSISCA
31-05-24,38163.61,SSISCA
03-06-24,38207.65,SSISCA
04-06-24,38738.84,SSISCA
05-06-24,38871.89,SSISCA
06-06-24,38865.24,SSISCA
07-06-24,39040.45,SSISCA
10-06-24,39257.25,SSISCA
11-06-24,39557.77,SSISCA
12-06-24,39598.52,SSISCA
13-06-24,40139.57,SSISCA
14-06-24,40141.9,SSISCA
17-06-24,39631.7,SSISCA
18-06-24,39422.62,SSISCA
19-06-24,39500.04,SSISCA
20-06-24,39753.04,SSISCA
21-06-24,39839.79,SSISCA
24-06-24,39967.23,SSISCA
25-06-24,39144.27,SSISCA
26-06-24,39150.28,SSISCA
27-06-24,39321.39,SSISCA
28-06-24,39294.1,SSISCA
01-07-24,38840.16,SSISCA
02-07-24,39052.06,SSISCA
03-07-24,39212.58,SSISCA
04-07-24,39510.62,SSISCA
05-07-24,39690.75,SSISCA
08-07-24,39871.4,SSISCA
09-07-24,40055.88,SSISCA
10-07-24,40153.97,SSISCA
11-07-24,39761.74,SSISCA
12-07-24,39689.96,SSISCA
15-07-24,39697.72,SSISCA
16-07-24,39725.63,SSISCA
17-07-24,39912.07,SSISCA
18-07-24,39520.56,SSISCA
19-07-24,39564.7,SSISCA
22-07-24,39293.39,SSISCA
23-07-24,38827.69,SSISCA
24-07-24,38325.91,SSISCA
25-07-24,38471.93,SSISCA
26-07-24,38341.2,SSISCA
29-07-24,38757.69,SSISCA
30-07-24,38906.55,SSISCA
31-07-24,38816.74,SSISCA
01-08-24,38913.74,SSISCA
02-08-24,37944.69,SSISCA
05-08-24,38216.46,SSISCA
06-08-24,36813.55,SSISCA
07-08-24,37445.51,SSISCA
08-08-24,37556.4,SSISCA
09-08-24,37398.48,SSISCA
12-08-24,38172.42,SSISCA
13-08-24,38619.93,SSISCA
14-08-24,38550.33,SSISCA
15-08-24,38554.55,SSISCA
16-08-24,38277.7,SSISCA
19-08-24,39099.91,SSISCA
20-08-24,39440.02,SSISCA
21-08-24,39587.14,SSISCA
22-08-24,39874.73,SSISCA
23-08-24,39846.73,SSISCA
26-08-24,39827.0,SSISCA
27-08-24,39570.27,SSISCA
28-08-24,39565.38,SSISCA
29-08-24,39605.19,SSISCA
30-08-24,39648.93,SSISCA
04-09-24,39790.39,SSISCA
05-09-24,39587.35,SSISCA
06-09-24,39147.43,SSISCA
09-09-24,39408.52,SSISCA
10-09-24,39272.67,SSISCA
11-09-24,38977.95,SSISCA
12-09-24,38946.27,SSISCA
13-09-24,39143.2,SSISCA
16-09-24,39096.93,SSISCA
17-09-24,38764.23,SSISCA
18-09-24,39283.21,SSISCA
19-09-24,39661.52,SSISCA
20-09-24,39832.56,SSISCA
23-09-24,39914.54,SSISCA
24-09-24,39834.18,SSISCA
25-09-24,40064.36,SSISCA
26-09-24,40261.13,SSISCA
27-09-24,40218.07,SSISCA
30-09-24,40153.36,SSISCA
01-10-24,40115.57,SSISCA
02-10-24,40149.01,SSISCA
03-10-24,40052.72,SSISCA
04-10-24,39762.16,SSISCA
07-10-24,39448.66,SSISCA
08-10-24,39525.71,SSISCA
09-10-24,39571.5,SSISCA
10-10-24,39829.58,SSISCA
11-10-24,40142.92,SSISCA
14-10-24,40058.09,SSISCA
15-10-24,39874.54,SSISCA
16-10-24,39730.95,SSISCA
17-10-24,39663.42,SSISCA
18-10-24,39891.71,SSISCA
21-10-24,39810.01,SSISCA
22-10-24,39424.22,SSISCA
23-10-24,39128.39,SSISCA
24-10-24,39238.9,SSISCA
25-10-24,38938.99,SSISCA
28-10-24,38877.69,SSISCA
29-10-24,39038.28,SSISCA
30-10-24,39322.75,SSISCA
31-10-24,39419.95,SSISCA
01-11-24,39562.29,SSISCA
04-11-24,39238.26,SSISCA
05-11-24,39015.71,SSISCA
06-11-24,39034.43,SSISCA
07-11-24,39612.09,SSISCA
08-11-24,39619.89,SSISCA
11-11-24,39627.98,SSISCA
12-11-24,39697.18,SSISCA
13-11-24,39416.48,SSISCA
14-11-24,39432.09,SSISCA
15-11-24,39031.46,SSISCA
18-11-24,38610.43,SSISCA
19-11-24,38509.71,SSISCA
20-11-24,37899.63,SSISCA
21-11-24,38302.82,SSISCA
22-11-24,38743.6,SSISCA
25-11-24,38784.59,SSISCA
26-11-24,38912.83,SSISCA
27-11-24,39144.36,SSISCA
28-11-24,39234.77,SSISCA
29-11-24,39293.61,SSISCA
02-12-24,39716.89,SSISCA
03-12-24,39708.89,SSISCA
04-12-24,39741.5,SSISCA
05-12-24,39505.37,SSISCA
06-12-24,40470.29,SSISCA
09-12-24,40514.23,SSISCA
10-12-24,40494.35,SSISCA
11-12-24,40461.83,SSISCA
12-12-24,40386.64,SSISCA
13-12-24,40411.47,SSISCA
16-12-24,40315.95,SSISCA
17-12-24,40317.37,SSISCA
18-12-24,40209.24,SSISCA
19-12-24,40338.81,SSISCA
20-12-24,40048.84,SSISCA
23-12-24,40172.18,SSISCA
24-12-24,40328.13,SSISCA
25-12-24,40401.78,SSISCA
26-12-24,40904.88,SSISCA
27-12-24,40912.05,SSISCA
30-12-24,40927.49,SSISCA
31-12-24,40785.56,SSISCA
02-01-25,40816.1,SSISCA
03-01-25,40816.21,SSISCA
06-01-25,40255.31,SSISCA
07-01-25,39864.43,SSISCA
08-01-25,39871.12,SSISCA
09-01-25,39930.97,SSISCA
10-01-25,39821.57,SSISCA
13-01-25,39374.51,SSISCA
14-01-25,39578.8,SSISCA
15-01-25,39338.72,SSISCA
16-01-25,39450.04,SSISCA
17-01-25,39598.12,SSISCA
20-01-25,39989.34,SSISCA
21-01-25,40050.53,SSISCA
22-01-25,40021.11,SSISCA
23-01-25,39963.38,SSISCA
24-01-25,40636.04,SSISCA
03-02-25,40703.2,SSISCA
04-02-25,40157.62,SSISCA
05-02-25,40516.53,SSISCA
06-02-25,40630.96,SSISCA
07-02-25,40760.49,SSISCA
10-02-25,40863.62,SSISCA
11-02-25,40407.41,SSISCA
12-02-25,40595.54,SSISCA
13-02-25,40473.9,SSISCA
14-02-25,40544.44,SSISCA
17-02-25,40719.62,SSISCA
18-02-25,40598.76,SSISCA
19-02-25,40737.04,SSISCA
20-02-25,41048.21,SSISCA
21-02-25,41160.03,SSISCA
24-02-25,41253.81,SSISCA
25-02-25,41523.87,SSISCA
26-02-25,41378.11,SSISCA
27-02-25,41405.3,SSISCA
28-02-25,41625.23,SSISCA
03-03-25,41500.74,SSISCA
04-03-25,41551.88,SSISCA
05-03-25,41711.6,SSISCA
06-03-25,41381.37,SSISCA
07-03-25,41863.5,SSISCA
10-03-25,42007.01,SSISCA
11-03-25,42101.6,SSISCA
12-03-25,42131.57,SSISCA
13-03-25,41942.63,SSISCA
14-03-25,41557.44,SSISCA
17-03-25,41265.51,SSISCA
18-03-25,41425.92,SSISCA
19-03-25,41240.34,SSISCA
20-03-25,40956.67,SSISCA
21-03-25,40972.43,SSISCA
24-03-25,40945.98,SSISCA
25-03-25,41046.85,SSISCA
26-03-25,41149.39,SSISCA
27-03-25,41029.52,SSISCA
28-03-25,40962.37,SSISCA
31-03-25,40643.28,SSISCA
01-04-25,40359.2,SSISCA
02-04-25,40495.7,SSISCA
03-04-25,40452.71,SSISCA
04-04-25,37732.54,SSISCA
08-04-25,36860.79,SSISCA
09-04-25,34638.93,SSISCA
10-04-25,33382.58,SSISCA
11-04-25,35601.79,SSISCA
14-04-25,36906.83,SSISCA
15-04-25,37109.8,SSISCA
16-04-25,36655.23,SSISCA
17-04-25,36136.47,SSISCA
18-04-25,36316.72,SSISCA
21-04-25,36529.78,SSISCA
22-04-25,36364.96,SSISCA
23-04-25,36094.99,SSISCA
24-04-25,36527.69,SSISCA
25-04-25,36723.95,SSISCA
28-04-25,36757.68,SSISCA
29-04-25,36668.69,SSISCA
05-05-25,36784.7,SSISCA
06-05-25,37142.64,SSISCA
07-05-25,37083.35,SSISCA
08-05-25,37170.66,SSISCA
09-05-25,37578.51,SSISCA
12-05-25,37623.22,SSISCA
13-05-25,38019.18,SSISCA
14-05-25,38627.39,SSISCA
15-05-25,39115.75,SSISCA
16-05-25,39210.48,SSISCA
19-05-25,38723.05,SSISCA
20-05-25,38560.24,SSISCA
21-05-25,38946.24,SSISCA
22-05-25,39014.99,SSISCA
23-05-25,38624.79,SSISCA
26-05-25,38658.88,SSISCA
27-05-25,39132.55,SSISCA
28-05-25,39463.88,SSISCA
29-05-25,39401.76,SSISCA
30-05-25,39512.89,SSISCA
02-06-25,39164.88,SSISCA
03-06-25,39278.76,SSISCA
04-06-25,39550.59,SSISCA
05-06-25,39430.66,SSISCA
06-06-25,39445.87,SSISCA
09-06-25,39131.67,SSISCA
10-06-25,38974.63,SSISCA
11-06-25,39054.63,SSISCA
12-06-25,39163.55,SSISCA
13-06-25,39663.76,SSISCA
16-06-25,39578.1,SSISCA
17-06-25,40216.76,SSISCA
18-06-25,40281.84,SSISCA
19-06-25,40252.46,SSISCA
20-06-25,40380.65,SSISCA
23-06-25,40428.92,SSISCA
24-06-25,40491.62,SSISCA
25-06-25,40539.6,SSISCA
26-06-25,40587.23,SSISCA
27-06-25,40612.77,SSISCA
30-06-25,40636.17,SSISCA
01-07-25,40924.11,SSISCA
02-07-25,40952.47,SSISCA
03-07-25,41208.21,SSISCA
04-07-25,41079.67,SSISCA
07-07-25,41329.87,SSISCA
08-07-25,41707.43,SSISCA
09-07-25,42057.23,SSISCA
10-07-25,42223.94,SSISCA
11-07-25,42258.91,SSISCA
14-07-25,42429.64,SSISCA
15-07-25,42653.81,SSISCA
16-07-25,42427.34,SSISCA
17-07-25,42666.7,SSISCA
18-07-25,42729.54,SSISCA
21-07-25,43058.63,SSISCA
22-07-25,42840.28,SSISCA
23-07-25,43027.73,SSISCA
24-07-25,43125.76,SSISCA
25-07-25,43284.33,SSISCA
28-07-25,43350.06,SSISCA
29-07-25,43720.1,SSISCA
30-07-25,42085.8,SSISCA
31-07-25,42643.05,SSISCA
01-08-25,42466.33,SSISCA
04-08-25,42389.99,SSISCA
05-08-25,42909.96,SSISCA
06-08-25,43539.42,SSISCA
07-08-25,44377.17,SSISCA
08-08-25,44911.62,SSISCA
11-08-25,44917.71,SSISCA
12-08-25,45199.05,SSISCA
13-08-25,45645.95,SSISCA
14-08-25,46298.74,SSISCA
15-08-25,47105.06,SSISCA
18-08-25,46484.46,SSISCA
19-08-25,46695.39,SSISCA
20-08-25,46955.48,SSISCA
21-08-25,46585.25,SSISCA
22-08-25,47106.52,SSISCA
25-08-25,45740.2,SSISCA
26-08-25,44680.18,SSISCA
27-08-25,46273.1,SSISCA
28-08-25,46832.36,SSISCA
29-08-25,47111.53,SSISCA
03-09-25,47237.72,SSISCA
04-09-25,47409.46,SSISCA
05-09-25,47862.88,SSISCA
08-09-25,47082.54,SSISCA
09-09-25,46071.73,SSISCA
10-09-25,46377.5,SSISCA
11-09-25,46473.62,SSISCA
12-09-25,46702.54,SSISCA
15-09-25,47063.44,SSISCA
16-09-25,47609.6,SSISCA
17-09-25,47761.38,SSISCA
18-09-25,47125.96,SSISCA
19-09-25,47029.06,SSISCA
22-09-25,46907.08,SSISCA
23-09-25,46139.39,SSISCA
24-09-25,46133.24,SSISCA
25-09-25,46907.67,SSISCA
26-09-25,46837.82,SSISCA
29-09-25,46657.98,SSISCA
30-09-25,46407.07,SSISCA
01-10-25,46048.41,SSISCA
02-10-25,46298.9,SSISCA
03-10-25,45944.84,SSISCA
06-10-25,45383.92,SSISCA
07-10-25,46765.93,SSISCA
08-10-25,46371.49,SSISCA
09-10-25,46716.89,SSISCA
10-10-25,47060.79,SSISCA
13-10-25,47561.98,SSISCA
14-10-25,47840.23,SSISCA
15-10-25,47424.95,SSISCA
16-10-25,47449.65,SSISCA
17-10-25,47659.92,SSISCA
20-10-25,46959.28,SSISCA
21-10-25,44254.9,SSISCA
22-10-25,45093.37,SSISCA
23-10-25,45602.08,SSISCA
24-10-25,45712.19,SSISCA
27-10-25,45641.89,SSISCA
28-10-25,44802.64,SSISCA
29-10-25,45603.95,SSISCA
30-10-25,46136.73,SSISCA
31-10-25,46156.97,SSISCA
03-11-25,45801.05,SSISCA
04-11-25,44879.37,SSISCA
05-11-25,45606.53,SSISCA
06-11-25,45398.68,SSISCA
07-11-25,45106.36,SSISCA
10-11-25,44104.95,SSISCA
11-11-25,43712.28,SSISCA
12-11-25,44081.55,SSISCA
13-11-25,45029.14,SSISCA
14-11-25,45035.21,SSISCA
17-11-25,45259.88,SSISCA
18-11-25,45659.01,SSISCA
19-11-25,45707.26,SSISCA
20-11-25,45405.83,SSISCA
21-11-25,45133.98,SSISCA
24-11-25,45047.39,SSISCA
25-11-25,44811.91,SSISCA
26-11-25,44401.55,SSISCA
27-11-25,44918.76,SSISCA
28-11-25,45014.93,SSISCA
01-12-25,44822.7,SSISCA
02-12-25,44588.88,SSISCA
03-12-25,44770.4,SSISCA
04-12-25,45770.78,SSISCA
05-12-25,46173.85,SSISCA
08-12-25,45721.83,SSISCA
09-12-25,45301.14,SSISCA
10-12-25,44828.81,SSISCA
11-12-25,44669.33,SSISCA
12-12-25,44330.07,SSISCA
15-12-25,42951.97,SSISCA
16-12-25,42981.8,SSISCA
17-12-25,44115.0,SSISCA
18-12-25,43938.62,SSISCA
19-12-25,43960.09,SSISCA
22-12-25,44297.28,SSISCA
23-12-25,45122.22,SSISCA
24-12-25,45289.71,SSISCA
25-12-25,45457.8,SSISCA
26-12-25,44818.45,SSISCA
29-12-25,44843.13,SSISCA
30-12-25,45262.09,SSISCA
31-12-25,45566.23,SSISCA
05-01-26,45704.4,SSISCA
06-01-26,45734.07,SSISCA
07-01-26,46246.69,SSISCA
08-01-26,46947.85,SSISCA
09-01-26,46689.16,SSISCA
12-01-26,46849.81,SSISCA
13-01-26,47690.47,SSISCA
14-01-26,47868.12,SSISCA
15-01-26,47713.75,SSISCA
16-01-26,47597.51,SSISCA
19-01-26,47949.08,SSISCA
20-01-26,48333.62,SSISCA
21-01-26,48140.88,SSISCA
22-01-26,47992.3,SSISCA
23-01-26,48079.69,SSISCA
26-01-26,47590.81,SSISCA
27-01-26,46687.87,SSISCA
28-01-26,47089.03,SSISCA
29-01-26,47396.71,SSISCA
30-01-26,48005.27,SSISCA
02-02-26,48746.03,SSISCA
03-02-26,48766.5,SSISCA
04-02-26,49116.94,SSISCA
05-02-26,49196.69,SSISCA
06-02-26,48202.39,SSISCA
09-02-26,46978.02,SSISCA
10-02-26,47241.49,SSISCA
11-02-26,46914.36,SSISCA
12-02-26,48079.39,SSISCA
13-02-26,48298.72,SSISCA
23-02-26,48395.74,SSISCA
24-02-26,48814.07,SSISCA
25-02-26,48941.97,SSISCA
26-02-26,49069.67,SSISCA
27-02-26,49288.76,SSISCA
02-03-26,49098.25,SSISCA
03-03-26,48424.58,SSISCA
04-03-26,47640.69,SSISCA
05-03-26,47355.74,SSISCA
06-03-26,46650.91,SSISCA
09-03-26,45707.67,SSISCA
10-03-26,42582.61,SSISCA
11-03-26,44272.64,SSISCA
12-03-26,45740.81,SSISCA
13-03-26,45238.86,SSISCA
16-03-26,44898.19,SSISCA
17-03-26,45062.74,SSISCA
18-03-26,45453.36,SSISCA
19-03-26,45339.07,SSISCA
20-03-26,45135.86,SSISCA
23-03-26,44378.54,SSISCA
24-03-26,42752.47,SSISCA
25-03-26,43975.61,SSISCA
26-03-26,45177.03,SSISCA
27-03-26,44777.44,SSISCA
30-03-26,45641.28,SSISCA
31-03-26,45264.98,SSISCA
01-04-26,45591.41,SSISCA
02-04-26,45820.46,SSISCA
03-04-26,45354.19,SSISCA
06-04-26,44474.15,SSISCA
07-04-26,43968.9,SSISCA
08-04-26,43964.39,SSISCA
09-04-26,46082.19,SSISCA
10-04-26,45869.6,SSISCA
13-04-26,45915.05,SSISCA
14-04-26,45763.68,SSISCA
15-04-26,45991.19,SSISCA
16-04-26,45765.16,SSISCA
17-04-26,45629.0,SSISCA
20-04-26,46013.65,SSISCA
21-04-26,46383.51,SSISCA
22-04-26,46032.15,SSISCA
23-04-26,45969.93,SSISCA
24-04-26,45850.08,SSISCA
28-04-26,45562.7,SSISCA
29-04-26,45589.51,SSISCA
04-05-26,45348.54,SSISCA
05-05-26,45347.71,SSISCA
06-05-26,45444.85,SSISCA
07-05-26,45848.15,SSISCA
08-05-26,46240.26,SSISCA
11-05-26,46192.78,SSISCA
12-05-26,45576.29,SSISCA
13-05-26,45753.44,SSISCA
14-05-26,45541.21,SSISCA
15-05-26,46111.51,SSISCA
18-05-26,45806.89,SSISCA
19-05-26,45418.91,SSISCA
20-05-26,45082.32,SSISCA
21-05-26,45036.7,SSISCA
22-05-26,44844.71,SSISCA
25-05-26,44434.89,SSISCA
26-05-26,44701.66,SSISCA
27-05-26,44821.66,SSISCA
28-05-26,44684.21,SSISCA
29-05-26,44396.15,SSISCA
01-06-26,44228.68,SSISCA
02-06-26,43993.79,SSISCA
03-06-26,43474.58,SSISCA
04-06-26,43501.4,SSISCA
05-06-26,43632.03,SSISCA
08-06-26,43592.49,SSISCA
09-06-26,42693.62,SSISCA
10-06-26,42875.52,SSISCA
11-06-26,43022.79,SSISCA
12-06-26,42793.66,SSISCA
15-06-26,42601.3,SSISCA
16-06-26,43191.52,SSISCA
17-06-26,43503.81,SSISCA
18-06-26,43439.46,SSISCA
19-06-26,43534.71,SSISCA
22-06-26,43419.84,SSISCA
23-06-26,43680.14,SSISCA
24-06-26,43705.91,SSISCA
25-06-26,43824.38,SSISCA
26-06-26,43589.75,SSISCA
29-06-26,43774.69,SSISCA
30-06-26,43829.34,SSISCA
01-07-26,43813.68,SSISCA
02-07-26,44185.14,SSISCA
03-07-26,44179.3,SSISCA
05-07-26,43909.11,SSISCA
06-07-26,43412.38,SSISCA
07-07-26,43387.76,SSISCA
08-07-26,43478.75,SSISCA
09-07-26,43179.68,SSISCA
12-07-26,42720.13,SSISCA
13-07-26,42170.31,SSISCA
14-07-26,42280.75,SSISCA
15-07-26,41704.34,SSISCA
16-07-26,42141.43,SSISCA
19-07-26,41742.35,SSISCA
20-07-26,40613.23,SSISCA
21-07-26,40500.16,SSISCA
22-07-26,39179.10,SSISCA
23-07-26,39562.82,SSISCA
26-07-26,39193.94,SSISCA
27-07-26,38754.70,SSISCA
28-07-26,39098.49,SSISCA
29-07-26,39634.78,SSISCA
30-07-26,40515.09,SSISCA
02-08-26,40474.16,SSISCA
03-08-26,41270.52,SSISCA
04-08-26,41556.46,SSISCA
05-08-26,41357.44,SSISCA
06-08-26,41110.80,SSISCA
09-08-26,41123.14,SSISCA
10-08-26,41407.93,SSISCA
11-08-26,41328.93,SSISCA
12-08-26,41655.99,SSISCA
13-08-26,41173.21,SSISCA
16-08-26,40568.10,SSISCA
17-08-26,40651.35,SSISCA
18-08-26,40640.14,SSISCA
19-08-26,40525.43,SSISCA
20-08-26,40657.05,SSISCA
23-08-26,41412.48,SSISCA
24-08-26,41746.09,SSISCA
25-08-26,41605.86,SSISCA
26-08-26,42387.21,SSISCA
27-08-26,42558.02,SSISCA
02-09-26,42521.27,SSISCA
03-09-26,42093.77,SSISCA
06-09-26,42653.10,SSISCA
07-09-26,42066.12,SSISCA
08-09-26,42256.16,SSISCA
09-09-26,42177.02,SSISCA
10-09-26,42262.37,SSISCA
13-09-26,41588.58,SSISCA
14-09-26,41364.39,SSISCA
15-09-26,41774.41,SSISCA
16-09-26,41812.81,SSISCA
17-09-26,42050.32,SSISCA
20-09-26,41804.07,SSISCA
